"RecordID","PengalamanCoding","ToolFavorit","PaketID"
683109,"Menengah","Python","ADK3-0A7E8D4B"
215856,"Lanjut","R","ADK3-0A7E8D4B"
606939,"Lanjut","Python","ADK3-0A7E8D4B"
540992,"Lanjut","Python","ADK3-0A7E8D4B"
175137,"Menengah","Python","ADK3-0A7E8D4B"
697515,"Lanjut","Python","ADK3-0A7E8D4B"
571187,"Lanjut","R","ADK3-0A7E8D4B"
905288,"Lanjut","SQL","ADK3-0A7E8D4B"
546579,"Lanjut","Python","ADK3-0A7E8D4B"
330673,"Lanjut","Python","ADK3-0A7E8D4B"
982674,"Lanjut","R","ADK3-0A7E8D4B"
531245,"Menengah","SQL","ADK3-0A7E8D4B"
159482,"Pemula","SQL","ADK3-0A7E8D4B"
768142,"Menengah","Python","ADK3-0A7E8D4B"
147279,"Pemula","R","ADK3-0A7E8D4B"
393027,"Lanjut","SQL","ADK3-0A7E8D4B"
727413,"Pemula","R","ADK3-0A7E8D4B"
962099,"Lanjut","SQL","ADK3-0A7E8D4B"
667296,"Lanjut","Python","ADK3-0A7E8D4B"
715361,"Menengah","Python","ADK3-0A7E8D4B"
824722,"Lanjut","Python","ADK3-0A7E8D4B"
510045,"Pemula","R","ADK3-0A7E8D4B"
542879,"Menengah","R","ADK3-0A7E8D4B"
670744,"Menengah","Python","ADK3-0A7E8D4B"
832738,"Lanjut","Python","ADK3-0A7E8D4B"
171361,"Pemula","Python","ADK3-0A7E8D4B"
326652,"Lanjut","Python","ADK3-0A7E8D4B"
967636,"Lanjut","Python","ADK3-0A7E8D4B"
316592,"Menengah","R","ADK3-0A7E8D4B"
871684,"Lanjut","Python","ADK3-0A7E8D4B"
554203,"Pemula","Python","ADK3-0A7E8D4B"
227253,"Menengah","R","ADK3-0A7E8D4B"
449634,"Pemula","R","ADK3-0A7E8D4B"
165506,"Pemula","Python","ADK3-0A7E8D4B"
243337,"Menengah","Python","ADK3-0A7E8D4B"
314275,"Lanjut","SQL","ADK3-0A7E8D4B"
522818,"Lanjut","R","ADK3-0A7E8D4B"
710336,"Menengah","R","ADK3-0A7E8D4B"
606443,"Lanjut","Python","ADK3-0A7E8D4B"
523841,"Pemula","R","ADK3-0A7E8D4B"
163543,"Lanjut","Python","ADK3-0A7E8D4B"
247863,"Menengah","SQL","ADK3-0A7E8D4B"
637974,"Lanjut","SQL","ADK3-0A7E8D4B"
638433,"Pemula","R","ADK3-0A7E8D4B"
943893,"Pemula","SQL","ADK3-0A7E8D4B"
368991,"Menengah","Python","ADK3-0A7E8D4B"
651992,"Pemula","SQL","ADK3-0A7E8D4B"
760652,"Menengah","SQL","ADK3-0A7E8D4B"
335367,"Menengah","SQL","ADK3-0A7E8D4B"
916691,"Pemula","R","ADK3-0A7E8D4B"
901378,"Lanjut","SQL","ADK3-0A7E8D4B"
670279,"Pemula","Python","ADK3-0A7E8D4B"
299827,"Lanjut","Python","ADK3-0A7E8D4B"
371436,"Pemula","SQL","ADK3-0A7E8D4B"
136635,"Lanjut","Python","ADK3-0A7E8D4B"
560091,"Lanjut","SQL","ADK3-0A7E8D4B"
791247,"Menengah","Python","ADK3-0A7E8D4B"
554091,"Pemula","SQL","ADK3-0A7E8D4B"
359388,"Menengah","Python","ADK3-0A7E8D4B"
399458,"Lanjut","Python","ADK3-0A7E8D4B"
321722,"Pemula","Python","ADK3-0A7E8D4B"
254314,"Pemula","SQL","ADK3-0A7E8D4B"
447064,"Lanjut","R","ADK3-0A7E8D4B"
234404,"Menengah","Python","ADK3-0A7E8D4B"
977510,"Menengah","Python","ADK3-0A7E8D4B"
847417,"Menengah","SQL","ADK3-0A7E8D4B"
334710,"Pemula","SQL","ADK3-0A7E8D4B"
938340,"Lanjut","Python","ADK3-0A7E8D4B"
632404,"Menengah","R","ADK3-0A7E8D4B"
558346,"Menengah","R","ADK3-0A7E8D4B"
564653,"Pemula","Python","ADK3-0A7E8D4B"
425918,"Menengah","Python","ADK3-0A7E8D4B"
695477,"Menengah","Python","ADK3-0A7E8D4B"
448426,"Pemula","Python","ADK3-0A7E8D4B"
351694,"Pemula","SQL","ADK3-0A7E8D4B"
398944,"Lanjut","SQL","ADK3-0A7E8D4B"
770251,"Lanjut","Python","ADK3-0A7E8D4B"
668980,"Pemula","SQL","ADK3-0A7E8D4B"
781042,"Menengah","Python","ADK3-0A7E8D4B"
866466,"Pemula","R","ADK3-0A7E8D4B"
380027,"Lanjut","Python","ADK3-0A7E8D4B"
914021,"Lanjut","Python","ADK3-0A7E8D4B"
763595,"Pemula","SQL","ADK3-0A7E8D4B"
635964,"Lanjut","Python","ADK3-0A7E8D4B"
867266,"Lanjut","Python","ADK3-0A7E8D4B"
142339,"Menengah","SQL","ADK3-0A7E8D4B"
798242,"Lanjut","Python","ADK3-0A7E8D4B"
791452,"Lanjut","Python","ADK3-0A7E8D4B"
156149,"Menengah","Python","ADK3-0A7E8D4B"
920197,"Pemula","R","ADK3-0A7E8D4B"
226625,"Menengah","Python","ADK3-0A7E8D4B"
132955,"Pemula","Python","ADK3-0A7E8D4B"
378236,"Menengah","SQL","ADK3-0A7E8D4B"
644733,"Lanjut","Python","ADK3-0A7E8D4B"
129598,"Pemula","R","ADK3-0A7E8D4B"
285124,"Menengah","R","ADK3-0A7E8D4B"
420114,"Menengah","Python","ADK3-0A7E8D4B"
204963,"Pemula","R","ADK3-0A7E8D4B"
887525,"Lanjut","Python","ADK3-0A7E8D4B"
544277,"Menengah","Python","ADK3-0A7E8D4B"
263598,"Menengah","Python","ADK3-0A7E8D4B"
802999,"Menengah","Python","ADK3-0A7E8D4B"
810138,"Pemula","R","ADK3-0A7E8D4B"
774131,"Menengah","Python","ADK3-0A7E8D4B"
541809,"Menengah","Python","ADK3-0A7E8D4B"
250947,"Menengah","SQL","ADK3-0A7E8D4B"
825897,"Pemula","Python","ADK3-0A7E8D4B"
449770,"Pemula","R","ADK3-0A7E8D4B"
557799,"Lanjut","Python","ADK3-0A7E8D4B"
162391,"Menengah","R","ADK3-0A7E8D4B"
122363,"Lanjut","SQL","ADK3-0A7E8D4B"
746773,"Lanjut","Python","ADK3-0A7E8D4B"
693483,"Pemula","R","ADK3-0A7E8D4B"
883417,"Lanjut","Python","ADK3-0A7E8D4B"
668142,"Menengah","SQL","ADK3-0A7E8D4B"
637800,"Pemula","SQL","ADK3-0A7E8D4B"
872608,"Pemula","Python","ADK3-0A7E8D4B"
742134,"Pemula","R","ADK3-0A7E8D4B"
943453,"Menengah","Python","ADK3-0A7E8D4B"
877082,"Pemula","Python","ADK3-0A7E8D4B"
552025,"Menengah","Python","ADK3-0A7E8D4B"
458040,"Pemula","SQL","ADK3-0A7E8D4B"
160337,"Menengah","R","ADK3-0A7E8D4B"
255106,"Pemula","R","ADK3-0A7E8D4B"
944582,"Pemula","SQL","ADK3-0A7E8D4B"
823408,"Pemula","Python","ADK3-0A7E8D4B"
730973,"Lanjut","Python","ADK3-0A7E8D4B"
120547,"Lanjut","Python","ADK3-0A7E8D4B"
225766,"Menengah","R","ADK3-0A7E8D4B"
400357,"Menengah","R","ADK3-0A7E8D4B"
298904,"Lanjut","Python","ADK3-0A7E8D4B"
500570,"Pemula","Python","ADK3-0A7E8D4B"
651979,"Lanjut","R","ADK3-0A7E8D4B"
756865,"Menengah","Python","ADK3-0A7E8D4B"
599911,"Menengah","Python","ADK3-0A7E8D4B"
962488,"Menengah","R","ADK3-0A7E8D4B"
443668,"Menengah","Python","ADK3-0A7E8D4B"
164481,"Pemula","Python","ADK3-0A7E8D4B"
552659,"Menengah","Python","ADK3-0A7E8D4B"
628862,"Pemula","Python","ADK3-0A7E8D4B"
287765,"Menengah","Python","ADK3-0A7E8D4B"
430400,"Pemula","Python","ADK3-0A7E8D4B"
298778,"Menengah","Python","ADK3-0A7E8D4B"
237013,"Menengah","Python","ADK3-0A7E8D4B"
240568,"Pemula","SQL","ADK3-0A7E8D4B"
792358,"Menengah","R","ADK3-0A7E8D4B"
738954,"Pemula","R","ADK3-0A7E8D4B"
206584,"Pemula","R","ADK3-0A7E8D4B"
553562,"Pemula","R","ADK3-0A7E8D4B"
455546,"Lanjut","R","ADK3-0A7E8D4B"
666214,"Pemula","Python","ADK3-0A7E8D4B"
127121,"Menengah","Python","ADK3-0A7E8D4B"
939097,"Pemula","R","ADK3-0A7E8D4B"
