"RecordID","ProgramStudi","Gender","DeviceUtama","ModaBelajar","Kepuasan","IntensitasBelajar","DurasiBelajarJam","PaketID"
950728,"Sistem Informasi","L","Smartphone","Buku","Sangat Puas","Rendah",2.6,"ADK1-07018232"
917000,"Sains Aktuaria","L","Smartphone","Diskusi",,"Tinggi",9.6,"ADK1-07018232"
251566,"Sains Aktuaria","P","Tablet","Praktik","Puas","Sedang",5,"ADK1-07018232"
963895,"Sains Aktuaria","L","Tablet","Buku","Cukup","Tinggi",13.8,"ADK1-07018232"
710698,"Sains Data","L","Laptop","Video","Puas","Sedang",5.6,"ADK1-07018232"
813061,"Sains Aktuaria","L","Smartphone","Video","Puas","Sedang",3.6,"ADK1-07018232"
153880,"Sains Data","L","Laptop","Buku","Puas","Rendah",4.7,"ADK1-07018232"
719277,"Sains Aktuaria","P","Laptop","Video","Cukup","Sedang",8.2,"ADK1-07018232"
904904,"Matematika","L","Tablet","Diskusi","Cukup","Sedang",9.1,"ADK1-07018232"
857137,"Matematika","L","Smartphone","Buku","Puas","Tinggi",10.1,"ADK1-07018232"
198163,"Sains Aktuaria","P","Tablet","Diskusi","Cukup","Sedang",9.6,"ADK1-07018232"
683614,"Sains Data","P","Tablet","Diskusi","Puas","Rendah",5.5,"ADK1-07018232"
384941,"Sains Aktuaria","P","Smartphone","Video","Puas","Rendah",4.5,"ADK1-07018232"
619163,"Sains Aktuaria","P","Laptop","Video","Puas","Tinggi",9.5,"ADK1-07018232"
885733,"Sistem Informasi","P","Laptop","Diskusi","Sangat Puas","Tinggi",10.1,"ADK1-07018232"
853459,"Sistem Informasi","P","Smartphone","Diskusi","Puas","Tinggi",11.4,"ADK1-07018232"
436513,"Sains Data","P","Tablet","Video","Puas","Rendah",4.4,"ADK1-07018232"
326389,"Sains Data","L","Smartphone","Praktik","Puas","Tinggi",6.2,"ADK1-07018232"
927936,"Sains Aktuaria","L","Smartphone","Video","Puas","Rendah",4.1,"ADK1-07018232"
462589,"Matematika","L","Smartphone","Praktik","Tidak Puas","Sedang",7.7,"ADK1-07018232"
605525,"Sains Data","L","Laptop","Buku","Cukup","Rendah",5.3,"ADK1-07018232"
512459,"Sains Data","P","Laptop","Video","Tidak Puas","Rendah",3.9,"ADK1-07018232"
297369,"Sains Aktuaria","P","Smartphone","Video","Puas","Tinggi",,"ADK1-07018232"
286637,"Matematika","P","Tablet","Diskusi","Tidak Puas","Sedang",6.1,"ADK1-07018232"
283026,"Sains Aktuaria","P","Laptop","Video","Sangat Puas","Sedang",7.3,"ADK1-07018232"
945369,"Sains Aktuaria","P","Laptop","Praktik","Sangat Puas","Tinggi",10.3,"ADK1-07018232"
672117,"Sistem Informasi","P","Tablet","Praktik","Tidak Puas","Rendah",4.3,"ADK1-07018232"
761830,"Sains Aktuaria","P","Smartphone","Diskusi","Sangat Puas","Rendah",1.8,"ADK1-07018232"
829605,"Sains Data","P","Smartphone","Buku","Cukup","Rendah",4.4,"ADK1-07018232"
624608,"Sains Aktuaria","L","Laptop","Praktik","Sangat Puas","Tinggi",9.3,"ADK1-07018232"
282462,"Sistem Informasi","L","Smartphone","Diskusi","Sangat Puas","Rendah",4,"ADK1-07018232"
428786,"Sistem Informasi","L","Laptop","Buku","Cukup","Rendah",1.7,"ADK1-07018232"
354816,"Sains Data","P","Laptop","Video","Sangat Puas","Rendah",3.5,"ADK1-07018232"
710733,"Sains Aktuaria","P","Smartphone","Video","Puas","Sedang",4.1,"ADK1-07018232"
291763,"Sains Aktuaria","L","Laptop","Buku","Puas","Rendah",2.7,"ADK1-07018232"
123776,"Sains Aktuaria","L","Smartphone","Video","Cukup","Rendah",5.2,"ADK1-07018232"
322386,"Sistem Informasi","P","Smartphone","Diskusi","Puas","Tinggi",9.6,"ADK1-07018232"
284501,"Sains Data","L","Tablet","Buku","Puas","Rendah",3.9,"ADK1-07018232"
964166,"Sains Data","L","Laptop","Diskusi","Puas","Rendah",4.1,"ADK1-07018232"
946261,"Sistem Informasi","L","Laptop","Diskusi","Cukup","Tinggi",9.5,"ADK1-07018232"
744866,"Matematika","L","Laptop","Buku","Sangat Puas","Rendah",6.1,"ADK1-07018232"
458318,"Sains Data","L","Tablet","Buku","Sangat Puas","Rendah",5.6,"ADK1-07018232"
771846,"Sistem Informasi","L","Tablet","Buku","Puas","Sedang",6.9,"ADK1-07018232"
617351,"Sains Data","L","Smartphone","Diskusi","Puas","Rendah",2.7,"ADK1-07018232"
426732,"Matematika","P","Smartphone","Praktik","Puas","Tinggi",8.9,"ADK1-07018232"
950910,"Sistem Informasi","P","Laptop","Video","Sangat Puas","Tinggi",13.9,"ADK1-07018232"
509486,"Sains Aktuaria","L","Laptop","Diskusi","Puas","Tinggi",8.9,"ADK1-07018232"
997999,"Matematika","P","Smartphone","Video","Tidak Puas","Rendah",4,"ADK1-07018232"
771070,"Matematika","P","Tablet","Video","Tidak Puas","Rendah",5.5,"ADK1-07018232"
934066,"Sains Aktuaria","L","Laptop","Buku","Puas","Tinggi",8.6,"ADK1-07018232"
733560,"Matematika","P","Smartphone","Video","Tidak Puas","Rendah",3.2,"ADK1-07018232"
938390,"Sains Data","P","Laptop","Praktik","Puas","Sedang",6.6,"ADK1-07018232"
210408,"Sains Aktuaria","L","Laptop","Video","Puas","Sedang",5.2,"ADK1-07018232"
530924,"Sains Data","P","Laptop","Diskusi","Sangat Puas","Rendah",3.7,"ADK1-07018232"
676546,"Sains Aktuaria","L","Tablet","Praktik","Sangat Puas","Sedang",7,"ADK1-07018232"
939837,"Sains Aktuaria","P","Tablet","Video","Cukup","Sedang",5.4,"ADK1-07018232"
616886,"Matematika","L","Smartphone","Video","Sangat Puas","Tinggi",11.2,"ADK1-07018232"
268009,"Sains Aktuaria","L","Laptop","Buku","Sangat Puas","Sedang",7.4,"ADK1-07018232"
394125,"Matematika","P","Tablet","Buku","Cukup","Sedang",4,"ADK1-07018232"
668645,"Matematika","L","Laptop","Diskusi","Cukup","Sedang",9.4,"ADK1-07018232"
938776,"Sistem Informasi","P","Smartphone","Buku","Sangat Puas","Rendah",3.4,"ADK1-07018232"
426484,"Matematika","L","Tablet","Video","Cukup","Rendah",5.4,"ADK1-07018232"
929136,"Sains Data","P","Tablet","Praktik","Cukup","Sedang",6.9,"ADK1-07018232"
431750,"Sistem Informasi","P","Smartphone","Buku","Cukup","Rendah",5,"ADK1-07018232"
580994,"Sains Data","L","Laptop","Video","Puas","Rendah",6.5,"ADK1-07018232"
908577,"Sains Data","P","Smartphone","Video","Cukup","Rendah",4.4,"ADK1-07018232"
326612,"Matematika","P","Smartphone","Diskusi","Cukup","Rendah",5.5,"ADK1-07018232"
817987,"Sains Aktuaria","P","Smartphone","Diskusi","Cukup","Sedang",3.7,"ADK1-07018232"
329950,"Sains Aktuaria","P","Laptop","Praktik","Sangat Puas","Sedang",7.8,"ADK1-07018232"
526615,"Sains Data","P","Smartphone","Diskusi","Puas","Tinggi",11.3,"ADK1-07018232"
675592,"Sains Data","P","Laptop","Praktik","Sangat Puas","Tinggi",8.6,"ADK1-07018232"
384079,"Sistem Informasi","L","Laptop","Diskusi","Sangat Puas","Tinggi",9.5,"ADK1-07018232"
977691,"Sains Aktuaria","L","Laptop","Diskusi","Puas","Tinggi",11.5,"ADK1-07018232"
342598,"Sains Data","P","Tablet","Video","Cukup","Sedang",8.6,"ADK1-07018232"
694690,"Matematika","P","Smartphone","Praktik","Puas","Tinggi",10.2,"ADK1-07018232"
470071,"Matematika","P","Laptop","Diskusi","Puas","Tinggi",9.7,"ADK1-07018232"
333759,"Matematika","L","Smartphone","Video","Tidak Puas","Rendah",5.4,"ADK1-07018232"
861379,"Sains Aktuaria","P","Tablet","Diskusi","Puas","Sedang",8.1,"ADK1-07018232"
427556,"Sains Data","L","Smartphone","Diskusi","Sangat Puas","Tinggi",10.9,"ADK1-07018232"
438599,"Sains Data","L","Smartphone","Diskusi","Puas","Rendah",6.5,"ADK1-07018232"
776496,"Sains Data","L","Tablet","Video","Cukup","Sedang",7.2,"ADK1-07018232"
851515,"Sistem Informasi","L","Tablet","Video","Cukup","Rendah",4.8,"ADK1-07018232"
554634,"Sistem Informasi","L","Tablet","Praktik","Puas","Tinggi",9.4,"ADK1-07018232"
200633,"Matematika","L","Laptop","Buku","Puas","Sedang",6.3,"ADK1-07018232"
265978,"Sains Aktuaria","L","Laptop",,"Sangat Puas","Sedang",5.9,"ADK1-07018232"
739875,"Sains Data","L","Laptop","Praktik","Cukup","Tinggi",12.3,"ADK1-07018232"
945756,"Sains Data","P","Smartphone","Video","Puas","Rendah",6.9,"ADK1-07018232"
664163,"Sains Aktuaria","L","Laptop","Video","Sangat Puas","Tinggi",11.1,"ADK1-07018232"
777216,"Sistem Informasi","P","Laptop","Video","Puas","Sedang",9.2,"ADK1-07018232"
711484,"Sains Aktuaria","P","Tablet","Diskusi","Sangat Puas","Tinggi",13.5,"ADK1-07018232"
362759,"Sains Aktuaria","P","Smartphone","Buku","Sangat Puas","Sedang",8,"ADK1-07018232"
472639,"Matematika","P","Laptop","Diskusi","Tidak Puas","Tinggi",9.5,"ADK1-07018232"
482975,"Sains Aktuaria","L","Tablet","Diskusi","Tidak Puas","Sedang",6.1,"ADK1-07018232"
